setup,conversation,questions,run1_accuracy,run2_accuracy,run3_accuracy,mean_accuracy,mean_memory_tokens
assertion,1,20,0.75,0.7937,0.8125,0.7854,6037
hindsight,1,20,0.9262,0.8688,0.8683,0.8878,18194
assertion,2,20,0.7729,0.7383,0.7537,0.755,5968
hindsight,2,20,0.7808,0.7958,0.8758,0.8175,17193
assertion,3,20,0.8454,0.7792,0.7948,0.8065,6707
hindsight,3,20,0.8579,0.8262,0.8954,0.8598,19098
assertion,4,20,0.8583,0.8187,0.8611,0.846,5786
hindsight,4,20,0.6813,0.6937,0.6875,0.6875,15273
assertion,5,20,0.8063,0.7887,0.8094,0.8015,4066
hindsight,5,20,0.6625,0.6346,0.6629,0.6533,11419
assertion,6,20,0.8167,0.7996,0.8196,0.812,15606
hindsight,6,20,0.8425,0.8105,0.7648,0.8059,18022
assertion,7,20,0.8591,0.8471,0.8871,0.8644,11956
hindsight,7,20,0.7725,0.8225,0.7737,0.7896,17438
assertion,8,20,0.8296,0.8204,0.8125,0.8208,15478
hindsight,8,20,0.7435,0.8137,0.7572,0.7715,18108
assertion,9,20,0.8217,0.8633,0.8575,0.8475,12491
hindsight,9,20,0.7508,0.7546,0.7343,0.7466,14604
assertion,10,20,0.8033,0.7658,0.7568,0.7753,12223
hindsight,10,20,0.8116,0.8329,0.8137,0.8194,20300
assertion,11,20,0.8049,0.8161,0.7728,0.7979,16680
hindsight,11,20,0.86,0.8425,0.8433,0.8486,20591
assertion,12,20,0.671,0.6769,0.6304,0.6594,15132
hindsight,12,20,0.4974,0.3838,0.5509,0.4774,11528
assertion,13,20,0.8125,0.8,0.7886,0.8004,18297
hindsight,13,20,0.7436,0.7375,0.75,0.7437,18895
assertion,14,20,0.7017,0.7221,0.7213,0.715,14185
hindsight,14,20,0.7037,0.6412,0.7275,0.6908,19436
assertion,15,20,0.825,0.8621,0.8829,0.8567,13034
hindsight,15,20,0.8417,0.8446,0.8651,0.8505,18522
assertion,16,20,0.8607,0.8251,0.8726,0.8528,12890
hindsight,16,20,0.8033,0.8017,0.8226,0.8092,18006
assertion,17,20,0.8604,0.8971,0.9262,0.8946,11473
hindsight,17,20,0.8912,0.8404,0.8675,0.8664,18567
assertion,18,20,0.8092,0.8212,0.8159,0.8154,14640
hindsight,18,20,0.7937,0.7967,0.8192,0.8032,19052
assertion,19,20,0.8429,0.8202,0.8143,0.8258,15190
hindsight,19,20,0.761,0.7685,0.8137,0.7811,20323
assertion,20,20,0.9125,0.8738,0.8962,0.8942,16407
hindsight,20,20,0.8394,0.9046,0.8796,0.8745,18522
